id_dim_date,date,year,quarter,month,month_name,day,day_of_week,day_name,is_weekend,week_of_year
20250801,2025-08-01,2025,3,8,August,1,5,Friday,False,31
20250802,2025-08-02,2025,3,8,August,2,6,Saturday,True,31
20250803,2025-08-03,2025,3,8,August,3,7,Sunday,True,31
20250804,2025-08-04,2025,3,8,August,4,1,Monday,False,32
20250805,2025-08-05,2025,3,8,August,5,2,Tuesday,False,32
20250806,2025-08-06,2025,3,8,August,6,3,Wednesday,False,32
20250807,2025-08-07,2025,3,8,August,7,4,Thursday,False,32
20250808,2025-08-08,2025,3,8,August,8,5,Friday,False,32
20250809,2025-08-09,2025,3,8,August,9,6,Saturday,True,32
20250810,2025-08-10,2025,3,8,August,10,7,Sunday,True,32
20250811,2025-08-11,2025,3,8,August,11,1,Monday,False,33
20250812,2025-08-12,2025,3,8,August,12,2,Tuesday,False,33
20250813,2025-08-13,2025,3,8,August,13,3,Wednesday,False,33
20250814,2025-08-14,2025,3,8,August,14,4,Thursday,False,33
20250815,2025-08-15,2025,3,8,August,15,5,Friday,False,33
20250816,2025-08-16,2025,3,8,August,16,6,Saturday,True,33
20250817,2025-08-17,2025,3,8,August,17,7,Sunday,True,33
20250818,2025-08-18,2025,3,8,August,18,1,Monday,False,34
20250819,2025-08-19,2025,3,8,August,19,2,Tuesday,False,34
20250820,2025-08-20,2025,3,8,August,20,3,Wednesday,False,34
20250821,2025-08-21,2025,3,8,August,21,4,Thursday,False,34
20250822,2025-08-22,2025,3,8,August,22,5,Friday,False,34
20250823,2025-08-23,2025,3,8,August,23,6,Saturday,True,34
20250824,2025-08-24,2025,3,8,August,24,7,Sunday,True,34
20250825,2025-08-25,2025,3,8,August,25,1,Monday,False,35
20250826,2025-08-26,2025,3,8,August,26,2,Tuesday,False,35
20250827,2025-08-27,2025,3,8,August,27,3,Wednesday,False,35
20250828,2025-08-28,2025,3,8,August,28,4,Thursday,False,35
20250829,2025-08-29,2025,3,8,August,29,5,Friday,False,35
20250830,2025-08-30,2025,3,8,August,30,6,Saturday,True,35
20250831,2025-08-31,2025,3,8,August,31,7,Sunday,True,35
20250901,2025-09-01,2025,3,9,September,1,1,Monday,False,36
20250902,2025-09-02,2025,3,9,September,2,2,Tuesday,False,36
20250903,2025-09-03,2025,3,9,September,3,3,Wednesday,False,36
20250904,2025-09-04,2025,3,9,September,4,4,Thursday,False,36
20250905,2025-09-05,2025,3,9,September,5,5,Friday,False,36
20250906,2025-09-06,2025,3,9,September,6,6,Saturday,True,36
20250907,2025-09-07,2025,3,9,September,7,7,Sunday,True,36
20250908,2025-09-08,2025,3,9,September,8,1,Monday,False,37
20250909,2025-09-09,2025,3,9,September,9,2,Tuesday,False,37
20250910,2025-09-10,2025,3,9,September,10,3,Wednesday,False,37
20250911,2025-09-11,2025,3,9,September,11,4,Thursday,False,37
20250912,2025-09-12,2025,3,9,September,12,5,Friday,False,37
20250913,2025-09-13,2025,3,9,September,13,6,Saturday,True,37
20250914,2025-09-14,2025,3,9,September,14,7,Sunday,True,37
20250915,2025-09-15,2025,3,9,September,15,1,Monday,False,38
20250916,2025-09-16,2025,3,9,September,16,2,Tuesday,False,38
20250917,2025-09-17,2025,3,9,September,17,3,Wednesday,False,38
20250918,2025-09-18,2025,3,9,September,18,4,Thursday,False,38
20250919,2025-09-19,2025,3,9,September,19,5,Friday,False,38
20250920,2025-09-20,2025,3,9,September,20,6,Saturday,True,38
20250921,2025-09-21,2025,3,9,September,21,7,Sunday,True,38
20250922,2025-09-22,2025,3,9,September,22,1,Monday,False,39
20250923,2025-09-23,2025,3,9,September,23,2,Tuesday,False,39
20250924,2025-09-24,2025,3,9,September,24,3,Wednesday,False,39
20250925,2025-09-25,2025,3,9,September,25,4,Thursday,False,39
20250926,2025-09-26,2025,3,9,September,26,5,Friday,False,39
20250927,2025-09-27,2025,3,9,September,27,6,Saturday,True,39
20250928,2025-09-28,2025,3,9,September,28,7,Sunday,True,39
20250929,2025-09-29,2025,3,9,September,29,1,Monday,False,40
20250930,2025-09-30,2025,3,9,September,30,2,Tuesday,False,40
20251001,2025-10-01,2025,4,10,October,1,3,Wednesday,False,40
20251002,2025-10-02,2025,4,10,October,2,4,Thursday,False,40
20251003,2025-10-03,2025,4,10,October,3,5,Friday,False,40
20251004,2025-10-04,2025,4,10,October,4,6,Saturday,True,40
20251005,2025-10-05,2025,4,10,October,5,7,Sunday,True,40
20251006,2025-10-06,2025,4,10,October,6,1,Monday,False,41
20251007,2025-10-07,2025,4,10,October,7,2,Tuesday,False,41
20251008,2025-10-08,2025,4,10,October,8,3,Wednesday,False,41
20251009,2025-10-09,2025,4,10,October,9,4,Thursday,False,41
20251010,2025-10-10,2025,4,10,October,10,5,Friday,False,41
20251011,2025-10-11,2025,4,10,October,11,6,Saturday,True,41
20251012,2025-10-12,2025,4,10,October,12,7,Sunday,True,41
20251013,2025-10-13,2025,4,10,October,13,1,Monday,False,42
20251014,2025-10-14,2025,4,10,October,14,2,Tuesday,False,42
20251015,2025-10-15,2025,4,10,October,15,3,Wednesday,False,42
20251016,2025-10-16,2025,4,10,October,16,4,Thursday,False,42
20251017,2025-10-17,2025,4,10,October,17,5,Friday,False,42
20251018,2025-10-18,2025,4,10,October,18,6,Saturday,True,42
20251019,2025-10-19,2025,4,10,October,19,7,Sunday,True,42
20251020,2025-10-20,2025,4,10,October,20,1,Monday,False,43
20251021,2025-10-21,2025,4,10,October,21,2,Tuesday,False,43
20251022,2025-10-22,2025,4,10,October,22,3,Wednesday,False,43
20251023,2025-10-23,2025,4,10,October,23,4,Thursday,False,43
20251024,2025-10-24,2025,4,10,October,24,5,Friday,False,43
20251025,2025-10-25,2025,4,10,October,25,6,Saturday,True,43
20251026,2025-10-26,2025,4,10,October,26,7,Sunday,True,43
20251027,2025-10-27,2025,4,10,October,27,1,Monday,False,44
20251028,2025-10-28,2025,4,10,October,28,2,Tuesday,False,44
20251029,2025-10-29,2025,4,10,October,29,3,Wednesday,False,44
20251030,2025-10-30,2025,4,10,October,30,4,Thursday,False,44
20251031,2025-10-31,2025,4,10,October,31,5,Friday,False,44
20251101,2025-11-01,2025,4,11,November,1,6,Saturday,True,44
20251102,2025-11-02,2025,4,11,November,2,7,Sunday,True,44
20251103,2025-11-03,2025,4,11,November,3,1,Monday,False,45
20251104,2025-11-04,2025,4,11,November,4,2,Tuesday,False,45
20251105,2025-11-05,2025,4,11,November,5,3,Wednesday,False,45
20251106,2025-11-06,2025,4,11,November,6,4,Thursday,False,45
20251107,2025-11-07,2025,4,11,November,7,5,Friday,False,45
20251108,2025-11-08,2025,4,11,November,8,6,Saturday,True,45
20251109,2025-11-09,2025,4,11,November,9,7,Sunday,True,45
20251110,2025-11-10,2025,4,11,November,10,1,Monday,False,46
20251111,2025-11-11,2025,4,11,November,11,2,Tuesday,False,46
20251112,2025-11-12,2025,4,11,November,12,3,Wednesday,False,46
20251113,2025-11-13,2025,4,11,November,13,4,Thursday,False,46
20251114,2025-11-14,2025,4,11,November,14,5,Friday,False,46
20251115,2025-11-15,2025,4,11,November,15,6,Saturday,True,46
20251116,2025-11-16,2025,4,11,November,16,7,Sunday,True,46
20251117,2025-11-17,2025,4,11,November,17,1,Monday,False,47
20251118,2025-11-18,2025,4,11,November,18,2,Tuesday,False,47
20251119,2025-11-19,2025,4,11,November,19,3,Wednesday,False,47
20251120,2025-11-20,2025,4,11,November,20,4,Thursday,False,47
20251121,2025-11-21,2025,4,11,November,21,5,Friday,False,47
20251122,2025-11-22,2025,4,11,November,22,6,Saturday,True,47
20251123,2025-11-23,2025,4,11,November,23,7,Sunday,True,47
20251124,2025-11-24,2025,4,11,November,24,1,Monday,False,48
20251125,2025-11-25,2025,4,11,November,25,2,Tuesday,False,48
20251126,2025-11-26,2025,4,11,November,26,3,Wednesday,False,48
20251127,2025-11-27,2025,4,11,November,27,4,Thursday,False,48
20251128,2025-11-28,2025,4,11,November,28,5,Friday,False,48
20251129,2025-11-29,2025,4,11,November,29,6,Saturday,True,48
20251130,2025-11-30,2025,4,11,November,30,7,Sunday,True,48
20251201,2025-12-01,2025,4,12,December,1,1,Monday,False,49
20251202,2025-12-02,2025,4,12,December,2,2,Tuesday,False,49
20251203,2025-12-03,2025,4,12,December,3,3,Wednesday,False,49
20251204,2025-12-04,2025,4,12,December,4,4,Thursday,False,49
20251205,2025-12-05,2025,4,12,December,5,5,Friday,False,49
20251206,2025-12-06,2025,4,12,December,6,6,Saturday,True,49
20251207,2025-12-07,2025,4,12,December,7,7,Sunday,True,49
20251208,2025-12-08,2025,4,12,December,8,1,Monday,False,50
20251209,2025-12-09,2025,4,12,December,9,2,Tuesday,False,50
20251210,2025-12-10,2025,4,12,December,10,3,Wednesday,False,50
20251211,2025-12-11,2025,4,12,December,11,4,Thursday,False,50
20251212,2025-12-12,2025,4,12,December,12,5,Friday,False,50
20251213,2025-12-13,2025,4,12,December,13,6,Saturday,True,50
20251214,2025-12-14,2025,4,12,December,14,7,Sunday,True,50
20251215,2025-12-15,2025,4,12,December,15,1,Monday,False,51
20251216,2025-12-16,2025,4,12,December,16,2,Tuesday,False,51
20251217,2025-12-17,2025,4,12,December,17,3,Wednesday,False,51
20251218,2025-12-18,2025,4,12,December,18,4,Thursday,False,51
20251219,2025-12-19,2025,4,12,December,19,5,Friday,False,51
20251220,2025-12-20,2025,4,12,December,20,6,Saturday,True,51
20251221,2025-12-21,2025,4,12,December,21,7,Sunday,True,51
20251222,2025-12-22,2025,4,12,December,22,1,Monday,False,52
20251223,2025-12-23,2025,4,12,December,23,2,Tuesday,False,52
20251224,2025-12-24,2025,4,12,December,24,3,Wednesday,False,52
20251225,2025-12-25,2025,4,12,December,25,4,Thursday,False,52
20251226,2025-12-26,2025,4,12,December,26,5,Friday,False,52
20251227,2025-12-27,2025,4,12,December,27,6,Saturday,True,52
20251228,2025-12-28,2025,4,12,December,28,7,Sunday,True,52
20251229,2025-12-29,2025,4,12,December,29,1,Monday,False,1
20251230,2025-12-30,2025,4,12,December,30,2,Tuesday,False,1
20251231,2025-12-31,2025,4,12,December,31,3,Wednesday,False,1
20260101,2026-01-01,2026,1,1,January,1,4,Thursday,False,1
20260102,2026-01-02,2026,1,1,January,2,5,Friday,False,1
20260103,2026-01-03,2026,1,1,January,3,6,Saturday,True,1
20260104,2026-01-04,2026,1,1,January,4,7,Sunday,True,1
20260105,2026-01-05,2026,1,1,January,5,1,Monday,False,2
20260106,2026-01-06,2026,1,1,January,6,2,Tuesday,False,2
20260107,2026-01-07,2026,1,1,January,7,3,Wednesday,False,2
20260108,2026-01-08,2026,1,1,January,8,4,Thursday,False,2
20260109,2026-01-09,2026,1,1,January,9,5,Friday,False,2
20260110,2026-01-10,2026,1,1,January,10,6,Saturday,True,2
20260111,2026-01-11,2026,1,1,January,11,7,Sunday,True,2
20260112,2026-01-12,2026,1,1,January,12,1,Monday,False,3
20260113,2026-01-13,2026,1,1,January,13,2,Tuesday,False,3
20260114,2026-01-14,2026,1,1,January,14,3,Wednesday,False,3
20260115,2026-01-15,2026,1,1,January,15,4,Thursday,False,3
20260116,2026-01-16,2026,1,1,January,16,5,Friday,False,3
20260117,2026-01-17,2026,1,1,January,17,6,Saturday,True,3
20260118,2026-01-18,2026,1,1,January,18,7,Sunday,True,3
20260119,2026-01-19,2026,1,1,January,19,1,Monday,False,4
20260120,2026-01-20,2026,1,1,January,20,2,Tuesday,False,4
20260121,2026-01-21,2026,1,1,January,21,3,Wednesday,False,4
20260122,2026-01-22,2026,1,1,January,22,4,Thursday,False,4
20260123,2026-01-23,2026,1,1,January,23,5,Friday,False,4
20260124,2026-01-24,2026,1,1,January,24,6,Saturday,True,4
20260125,2026-01-25,2026,1,1,January,25,7,Sunday,True,4
20260126,2026-01-26,2026,1,1,January,26,1,Monday,False,5
20260127,2026-01-27,2026,1,1,January,27,2,Tuesday,False,5
20260128,2026-01-28,2026,1,1,January,28,3,Wednesday,False,5
20260129,2026-01-29,2026,1,1,January,29,4,Thursday,False,5
20260130,2026-01-30,2026,1,1,January,30,5,Friday,False,5
20260131,2026-01-31,2026,1,1,January,31,6,Saturday,True,5
20260201,2026-02-01,2026,1,2,February,1,7,Sunday,True,5
20260202,2026-02-02,2026,1,2,February,2,1,Monday,False,6
20260203,2026-02-03,2026,1,2,February,3,2,Tuesday,False,6
20260204,2026-02-04,2026,1,2,February,4,3,Wednesday,False,6
20260205,2026-02-05,2026,1,2,February,5,4,Thursday,False,6
20260206,2026-02-06,2026,1,2,February,6,5,Friday,False,6
20260207,2026-02-07,2026,1,2,February,7,6,Saturday,True,6
20260208,2026-02-08,2026,1,2,February,8,7,Sunday,True,6
20260209,2026-02-09,2026,1,2,February,9,1,Monday,False,7
20260210,2026-02-10,2026,1,2,February,10,2,Tuesday,False,7
20260211,2026-02-11,2026,1,2,February,11,3,Wednesday,False,7
20260212,2026-02-12,2026,1,2,February,12,4,Thursday,False,7
20260213,2026-02-13,2026,1,2,February,13,5,Friday,False,7
20260214,2026-02-14,2026,1,2,February,14,6,Saturday,True,7
20260215,2026-02-15,2026,1,2,February,15,7,Sunday,True,7
20260216,2026-02-16,2026,1,2,February,16,1,Monday,False,8
20260217,2026-02-17,2026,1,2,February,17,2,Tuesday,False,8
20260218,2026-02-18,2026,1,2,February,18,3,Wednesday,False,8
20260219,2026-02-19,2026,1,2,February,19,4,Thursday,False,8
20260220,2026-02-20,2026,1,2,February,20,5,Friday,False,8
20260221,2026-02-21,2026,1,2,February,21,6,Saturday,True,8
20260222,2026-02-22,2026,1,2,February,22,7,Sunday,True,8
20260223,2026-02-23,2026,1,2,February,23,1,Monday,False,9
20260224,2026-02-24,2026,1,2,February,24,2,Tuesday,False,9
20260225,2026-02-25,2026,1,2,February,25,3,Wednesday,False,9
20260226,2026-02-26,2026,1,2,February,26,4,Thursday,False,9
20260227,2026-02-27,2026,1,2,February,27,5,Friday,False,9
20260228,2026-02-28,2026,1,2,February,28,6,Saturday,True,9
20260301,2026-03-01,2026,1,3,March,1,7,Sunday,True,9
20260302,2026-03-02,2026,1,3,March,2,1,Monday,False,10
20260303,2026-03-03,2026,1,3,March,3,2,Tuesday,False,10
20260304,2026-03-04,2026,1,3,March,4,3,Wednesday,False,10
20260305,2026-03-05,2026,1,3,March,5,4,Thursday,False,10
20260306,2026-03-06,2026,1,3,March,6,5,Friday,False,10
20260307,2026-03-07,2026,1,3,March,7,6,Saturday,True,10
20260308,2026-03-08,2026,1,3,March,8,7,Sunday,True,10
20260309,2026-03-09,2026,1,3,March,9,1,Monday,False,11
20260310,2026-03-10,2026,1,3,March,10,2,Tuesday,False,11
20260311,2026-03-11,2026,1,3,March,11,3,Wednesday,False,11
20260312,2026-03-12,2026,1,3,March,12,4,Thursday,False,11
20260313,2026-03-13,2026,1,3,March,13,5,Friday,False,11
20260314,2026-03-14,2026,1,3,March,14,6,Saturday,True,11
20260315,2026-03-15,2026,1,3,March,15,7,Sunday,True,11
20260316,2026-03-16,2026,1,3,March,16,1,Monday,False,12
20260317,2026-03-17,2026,1,3,March,17,2,Tuesday,False,12
20260318,2026-03-18,2026,1,3,March,18,3,Wednesday,False,12
20260319,2026-03-19,2026,1,3,March,19,4,Thursday,False,12
20260320,2026-03-20,2026,1,3,March,20,5,Friday,False,12
20260321,2026-03-21,2026,1,3,March,21,6,Saturday,True,12
20260322,2026-03-22,2026,1,3,March,22,7,Sunday,True,12
20260323,2026-03-23,2026,1,3,March,23,1,Monday,False,13
20260324,2026-03-24,2026,1,3,March,24,2,Tuesday,False,13
20260325,2026-03-25,2026,1,3,March,25,3,Wednesday,False,13
20260326,2026-03-26,2026,1,3,March,26,4,Thursday,False,13
20260327,2026-03-27,2026,1,3,March,27,5,Friday,False,13
20260328,2026-03-28,2026,1,3,March,28,6,Saturday,True,13
20260329,2026-03-29,2026,1,3,March,29,7,Sunday,True,13
20260330,2026-03-30,2026,1,3,March,30,1,Monday,False,14
20260331,2026-03-31,2026,1,3,March,31,2,Tuesday,False,14
20260401,2026-04-01,2026,2,4,April,1,3,Wednesday,False,14
20260402,2026-04-02,2026,2,4,April,2,4,Thursday,False,14
20260403,2026-04-03,2026,2,4,April,3,5,Friday,False,14
20260404,2026-04-04,2026,2,4,April,4,6,Saturday,True,14
20260405,2026-04-05,2026,2,4,April,5,7,Sunday,True,14
20260406,2026-04-06,2026,2,4,April,6,1,Monday,False,15
20260407,2026-04-07,2026,2,4,April,7,2,Tuesday,False,15
20260408,2026-04-08,2026,2,4,April,8,3,Wednesday,False,15
20260409,2026-04-09,2026,2,4,April,9,4,Thursday,False,15
20260410,2026-04-10,2026,2,4,April,10,5,Friday,False,15
20260411,2026-04-11,2026,2,4,April,11,6,Saturday,True,15
20260412,2026-04-12,2026,2,4,April,12,7,Sunday,True,15
20260413,2026-04-13,2026,2,4,April,13,1,Monday,False,16
20260414,2026-04-14,2026,2,4,April,14,2,Tuesday,False,16
20260415,2026-04-15,2026,2,4,April,15,3,Wednesday,False,16
20260416,2026-04-16,2026,2,4,April,16,4,Thursday,False,16
20260417,2026-04-17,2026,2,4,April,17,5,Friday,False,16
20260418,2026-04-18,2026,2,4,April,18,6,Saturday,True,16
20260419,2026-04-19,2026,2,4,April,19,7,Sunday,True,16
20260420,2026-04-20,2026,2,4,April,20,1,Monday,False,17
20260421,2026-04-21,2026,2,4,April,21,2,Tuesday,False,17
20260422,2026-04-22,2026,2,4,April,22,3,Wednesday,False,17
20260423,2026-04-23,2026,2,4,April,23,4,Thursday,False,17
20260424,2026-04-24,2026,2,4,April,24,5,Friday,False,17
20260425,2026-04-25,2026,2,4,April,25,6,Saturday,True,17
20260426,2026-04-26,2026,2,4,April,26,7,Sunday,True,17
20260427,2026-04-27,2026,2,4,April,27,1,Monday,False,18
20260428,2026-04-28,2026,2,4,April,28,2,Tuesday,False,18
20260429,2026-04-29,2026,2,4,April,29,3,Wednesday,False,18
20260430,2026-04-30,2026,2,4,April,30,4,Thursday,False,18
20260501,2026-05-01,2026,2,5,May,1,5,Friday,False,18
20260502,2026-05-02,2026,2,5,May,2,6,Saturday,True,18
20260503,2026-05-03,2026,2,5,May,3,7,Sunday,True,18
20260504,2026-05-04,2026,2,5,May,4,1,Monday,False,19
20260505,2026-05-05,2026,2,5,May,5,2,Tuesday,False,19
20260506,2026-05-06,2026,2,5,May,6,3,Wednesday,False,19
20260507,2026-05-07,2026,2,5,May,7,4,Thursday,False,19
20260508,2026-05-08,2026,2,5,May,8,5,Friday,False,19
20260509,2026-05-09,2026,2,5,May,9,6,Saturday,True,19
20260510,2026-05-10,2026,2,5,May,10,7,Sunday,True,19
20260511,2026-05-11,2026,2,5,May,11,1,Monday,False,20
20260512,2026-05-12,2026,2,5,May,12,2,Tuesday,False,20
20260513,2026-05-13,2026,2,5,May,13,3,Wednesday,False,20
20260514,2026-05-14,2026,2,5,May,14,4,Thursday,False,20
20260515,2026-05-15,2026,2,5,May,15,5,Friday,False,20
20260516,2026-05-16,2026,2,5,May,16,6,Saturday,True,20
20260517,2026-05-17,2026,2,5,May,17,7,Sunday,True,20
20260518,2026-05-18,2026,2,5,May,18,1,Monday,False,21
20260519,2026-05-19,2026,2,5,May,19,2,Tuesday,False,21
20260520,2026-05-20,2026,2,5,May,20,3,Wednesday,False,21
20260521,2026-05-21,2026,2,5,May,21,4,Thursday,False,21
20260522,2026-05-22,2026,2,5,May,22,5,Friday,False,21
20260523,2026-05-23,2026,2,5,May,23,6,Saturday,True,21
20260524,2026-05-24,2026,2,5,May,24,7,Sunday,True,21
20260525,2026-05-25,2026,2,5,May,25,1,Monday,False,22
20260526,2026-05-26,2026,2,5,May,26,2,Tuesday,False,22
20260527,2026-05-27,2026,2,5,May,27,3,Wednesday,False,22
20260528,2026-05-28,2026,2,5,May,28,4,Thursday,False,22
20260529,2026-05-29,2026,2,5,May,29,5,Friday,False,22
20260530,2026-05-30,2026,2,5,May,30,6,Saturday,True,22
20260531,2026-05-31,2026,2,5,May,31,7,Sunday,True,22
20260601,2026-06-01,2026,2,6,June,1,1,Monday,False,23
20260602,2026-06-02,2026,2,6,June,2,2,Tuesday,False,23
20260603,2026-06-03,2026,2,6,June,3,3,Wednesday,False,23
20260604,2026-06-04,2026,2,6,June,4,4,Thursday,False,23
20260605,2026-06-05,2026,2,6,June,5,5,Friday,False,23
20260606,2026-06-06,2026,2,6,June,6,6,Saturday,True,23
20260607,2026-06-07,2026,2,6,June,7,7,Sunday,True,23
20260608,2026-06-08,2026,2,6,June,8,1,Monday,False,24
20260609,2026-06-09,2026,2,6,June,9,2,Tuesday,False,24
20260610,2026-06-10,2026,2,6,June,10,3,Wednesday,False,24
20260611,2026-06-11,2026,2,6,June,11,4,Thursday,False,24
20260612,2026-06-12,2026,2,6,June,12,5,Friday,False,24
20260613,2026-06-13,2026,2,6,June,13,6,Saturday,True,24
20260614,2026-06-14,2026,2,6,June,14,7,Sunday,True,24
20260615,2026-06-15,2026,2,6,June,15,1,Monday,False,25
20260616,2026-06-16,2026,2,6,June,16,2,Tuesday,False,25
20260617,2026-06-17,2026,2,6,June,17,3,Wednesday,False,25
20260618,2026-06-18,2026,2,6,June,18,4,Thursday,False,25
20260619,2026-06-19,2026,2,6,June,19,5,Friday,False,25
20260620,2026-06-20,2026,2,6,June,20,6,Saturday,True,25
20260621,2026-06-21,2026,2,6,June,21,7,Sunday,True,25
20260622,2026-06-22,2026,2,6,June,22,1,Monday,False,26
20260623,2026-06-23,2026,2,6,June,23,2,Tuesday,False,26
20260624,2026-06-24,2026,2,6,June,24,3,Wednesday,False,26
20260625,2026-06-25,2026,2,6,June,25,4,Thursday,False,26
20260626,2026-06-26,2026,2,6,June,26,5,Friday,False,26
20260627,2026-06-27,2026,2,6,June,27,6,Saturday,True,26
20260628,2026-06-28,2026,2,6,June,28,7,Sunday,True,26
20260629,2026-06-29,2026,2,6,June,29,1,Monday,False,27
20260630,2026-06-30,2026,2,6,June,30,2,Tuesday,False,27
20260701,2026-07-01,2026,3,7,July,1,3,Wednesday,False,27
20260702,2026-07-02,2026,3,7,July,2,4,Thursday,False,27
20260703,2026-07-03,2026,3,7,July,3,5,Friday,False,27
20260704,2026-07-04,2026,3,7,July,4,6,Saturday,True,27
20260705,2026-07-05,2026,3,7,July,5,7,Sunday,True,27
20260706,2026-07-06,2026,3,7,July,6,1,Monday,False,28
20260707,2026-07-07,2026,3,7,July,7,2,Tuesday,False,28
20260708,2026-07-08,2026,3,7,July,8,3,Wednesday,False,28
20260709,2026-07-09,2026,3,7,July,9,4,Thursday,False,28
20260710,2026-07-10,2026,3,7,July,10,5,Friday,False,28
20260711,2026-07-11,2026,3,7,July,11,6,Saturday,True,28
20260712,2026-07-12,2026,3,7,July,12,7,Sunday,True,28
20260713,2026-07-13,2026,3,7,July,13,1,Monday,False,29
20260714,2026-07-14,2026,3,7,July,14,2,Tuesday,False,29
20260715,2026-07-15,2026,3,7,July,15,3,Wednesday,False,29
20260716,2026-07-16,2026,3,7,July,16,4,Thursday,False,29
20260717,2026-07-17,2026,3,7,July,17,5,Friday,False,29
20260718,2026-07-18,2026,3,7,July,18,6,Saturday,True,29
20260719,2026-07-19,2026,3,7,July,19,7,Sunday,True,29
20260720,2026-07-20,2026,3,7,July,20,1,Monday,False,30
20260721,2026-07-21,2026,3,7,July,21,2,Tuesday,False,30
20260722,2026-07-22,2026,3,7,July,22,3,Wednesday,False,30
20260723,2026-07-23,2026,3,7,July,23,4,Thursday,False,30
20260724,2026-07-24,2026,3,7,July,24,5,Friday,False,30
20260725,2026-07-25,2026,3,7,July,25,6,Saturday,True,30
20260726,2026-07-26,2026,3,7,July,26,7,Sunday,True,30
20260727,2026-07-27,2026,3,7,July,27,1,Monday,False,31
20260728,2026-07-28,2026,3,7,July,28,2,Tuesday,False,31
20260729,2026-07-29,2026,3,7,July,29,3,Wednesday,False,31
20260730,2026-07-30,2026,3,7,July,30,4,Thursday,False,31
20260731,2026-07-31,2026,3,7,July,31,5,Friday,False,31
20260801,2026-08-01,2026,3,8,August,1,6,Saturday,True,31
20260802,2026-08-02,2026,3,8,August,2,7,Sunday,True,31
20260803,2026-08-03,2026,3,8,August,3,1,Monday,False,32
20260804,2026-08-04,2026,3,8,August,4,2,Tuesday,False,32
20260805,2026-08-05,2026,3,8,August,5,3,Wednesday,False,32
20260806,2026-08-06,2026,3,8,August,6,4,Thursday,False,32
20260807,2026-08-07,2026,3,8,August,7,5,Friday,False,32
20260808,2026-08-08,2026,3,8,August,8,6,Saturday,True,32
20260809,2026-08-09,2026,3,8,August,9,7,Sunday,True,32
20260810,2026-08-10,2026,3,8,August,10,1,Monday,False,33
20260811,2026-08-11,2026,3,8,August,11,2,Tuesday,False,33
20260812,2026-08-12,2026,3,8,August,12,3,Wednesday,False,33
20260813,2026-08-13,2026,3,8,August,13,4,Thursday,False,33
20260814,2026-08-14,2026,3,8,August,14,5,Friday,False,33
20260815,2026-08-15,2026,3,8,August,15,6,Saturday,True,33
20260816,2026-08-16,2026,3,8,August,16,7,Sunday,True,33
20260817,2026-08-17,2026,3,8,August,17,1,Monday,False,34
20260818,2026-08-18,2026,3,8,August,18,2,Tuesday,False,34
20260819,2026-08-19,2026,3,8,August,19,3,Wednesday,False,34
20260820,2026-08-20,2026,3,8,August,20,4,Thursday,False,34
20260821,2026-08-21,2026,3,8,August,21,5,Friday,False,34
20260822,2026-08-22,2026,3,8,August,22,6,Saturday,True,34
20260823,2026-08-23,2026,3,8,August,23,7,Sunday,True,34
20260824,2026-08-24,2026,3,8,August,24,1,Monday,False,35
20260825,2026-08-25,2026,3,8,August,25,2,Tuesday,False,35
20260826,2026-08-26,2026,3,8,August,26,3,Wednesday,False,35
20260827,2026-08-27,2026,3,8,August,27,4,Thursday,False,35
20260828,2026-08-28,2026,3,8,August,28,5,Friday,False,35
20260829,2026-08-29,2026,3,8,August,29,6,Saturday,True,35
20260830,2026-08-30,2026,3,8,August,30,7,Sunday,True,35
20260831,2026-08-31,2026,3,8,August,31,1,Monday,False,36
20260901,2026-09-01,2026,3,9,September,1,2,Tuesday,False,36
20260902,2026-09-02,2026,3,9,September,2,3,Wednesday,False,36
20260903,2026-09-03,2026,3,9,September,3,4,Thursday,False,36
20260904,2026-09-04,2026,3,9,September,4,5,Friday,False,36
20260905,2026-09-05,2026,3,9,September,5,6,Saturday,True,36
20260906,2026-09-06,2026,3,9,September,6,7,Sunday,True,36
20260907,2026-09-07,2026,3,9,September,7,1,Monday,False,37
20260908,2026-09-08,2026,3,9,September,8,2,Tuesday,False,37
20260909,2026-09-09,2026,3,9,September,9,3,Wednesday,False,37
20260910,2026-09-10,2026,3,9,September,10,4,Thursday,False,37
20260911,2026-09-11,2026,3,9,September,11,5,Friday,False,37
20260912,2026-09-12,2026,3,9,September,12,6,Saturday,True,37
20260913,2026-09-13,2026,3,9,September,13,7,Sunday,True,37
20260914,2026-09-14,2026,3,9,September,14,1,Monday,False,38
20260915,2026-09-15,2026,3,9,September,15,2,Tuesday,False,38
20260916,2026-09-16,2026,3,9,September,16,3,Wednesday,False,38
20260917,2026-09-17,2026,3,9,September,17,4,Thursday,False,38
20260918,2026-09-18,2026,3,9,September,18,5,Friday,False,38
20260919,2026-09-19,2026,3,9,September,19,6,Saturday,True,38
20260920,2026-09-20,2026,3,9,September,20,7,Sunday,True,38
20260921,2026-09-21,2026,3,9,September,21,1,Monday,False,39
20260922,2026-09-22,2026,3,9,September,22,2,Tuesday,False,39
20260923,2026-09-23,2026,3,9,September,23,3,Wednesday,False,39
20260924,2026-09-24,2026,3,9,September,24,4,Thursday,False,39
20260925,2026-09-25,2026,3,9,September,25,5,Friday,False,39
20260926,2026-09-26,2026,3,9,September,26,6,Saturday,True,39
20260927,2026-09-27,2026,3,9,September,27,7,Sunday,True,39
20260928,2026-09-28,2026,3,9,September,28,1,Monday,False,40
20260929,2026-09-29,2026,3,9,September,29,2,Tuesday,False,40
20260930,2026-09-30,2026,3,9,September,30,3,Wednesday,False,40
20261001,2026-10-01,2026,4,10,October,1,4,Thursday,False,40
20261002,2026-10-02,2026,4,10,October,2,5,Friday,False,40
20261003,2026-10-03,2026,4,10,October,3,6,Saturday,True,40
20261004,2026-10-04,2026,4,10,October,4,7,Sunday,True,40
20261005,2026-10-05,2026,4,10,October,5,1,Monday,False,41
20261006,2026-10-06,2026,4,10,October,6,2,Tuesday,False,41
20261007,2026-10-07,2026,4,10,October,7,3,Wednesday,False,41
20261008,2026-10-08,2026,4,10,October,8,4,Thursday,False,41
20261009,2026-10-09,2026,4,10,October,9,5,Friday,False,41
20261010,2026-10-10,2026,4,10,October,10,6,Saturday,True,41
20261011,2026-10-11,2026,4,10,October,11,7,Sunday,True,41
20261012,2026-10-12,2026,4,10,October,12,1,Monday,False,42
20261013,2026-10-13,2026,4,10,October,13,2,Tuesday,False,42
20261014,2026-10-14,2026,4,10,October,14,3,Wednesday,False,42
20261015,2026-10-15,2026,4,10,October,15,4,Thursday,False,42
20261016,2026-10-16,2026,4,10,October,16,5,Friday,False,42
20261017,2026-10-17,2026,4,10,October,17,6,Saturday,True,42
20261018,2026-10-18,2026,4,10,October,18,7,Sunday,True,42
20261019,2026-10-19,2026,4,10,October,19,1,Monday,False,43
20261020,2026-10-20,2026,4,10,October,20,2,Tuesday,False,43
20261021,2026-10-21,2026,4,10,October,21,3,Wednesday,False,43
20261022,2026-10-22,2026,4,10,October,22,4,Thursday,False,43
20261023,2026-10-23,2026,4,10,October,23,5,Friday,False,43
20261024,2026-10-24,2026,4,10,October,24,6,Saturday,True,43
20261025,2026-10-25,2026,4,10,October,25,7,Sunday,True,43
20261026,2026-10-26,2026,4,10,October,26,1,Monday,False,44
20261027,2026-10-27,2026,4,10,October,27,2,Tuesday,False,44
20261028,2026-10-28,2026,4,10,October,28,3,Wednesday,False,44
20261029,2026-10-29,2026,4,10,October,29,4,Thursday,False,44
20261030,2026-10-30,2026,4,10,October,30,5,Friday,False,44
20261031,2026-10-31,2026,4,10,October,31,6,Saturday,True,44
20261101,2026-11-01,2026,4,11,November,1,7,Sunday,True,44
20261102,2026-11-02,2026,4,11,November,2,1,Monday,False,45
20261103,2026-11-03,2026,4,11,November,3,2,Tuesday,False,45
20261104,2026-11-04,2026,4,11,November,4,3,Wednesday,False,45
20261105,2026-11-05,2026,4,11,November,5,4,Thursday,False,45
20261106,2026-11-06,2026,4,11,November,6,5,Friday,False,45
20261107,2026-11-07,2026,4,11,November,7,6,Saturday,True,45
20261108,2026-11-08,2026,4,11,November,8,7,Sunday,True,45
20261109,2026-11-09,2026,4,11,November,9,1,Monday,False,46
20261110,2026-11-10,2026,4,11,November,10,2,Tuesday,False,46
20261111,2026-11-11,2026,4,11,November,11,3,Wednesday,False,46
20261112,2026-11-12,2026,4,11,November,12,4,Thursday,False,46
20261113,2026-11-13,2026,4,11,November,13,5,Friday,False,46
20261114,2026-11-14,2026,4,11,November,14,6,Saturday,True,46
20261115,2026-11-15,2026,4,11,November,15,7,Sunday,True,46
20261116,2026-11-16,2026,4,11,November,16,1,Monday,False,47
20261117,2026-11-17,2026,4,11,November,17,2,Tuesday,False,47
20261118,2026-11-18,2026,4,11,November,18,3,Wednesday,False,47
20261119,2026-11-19,2026,4,11,November,19,4,Thursday,False,47
20261120,2026-11-20,2026,4,11,November,20,5,Friday,False,47
20261121,2026-11-21,2026,4,11,November,21,6,Saturday,True,47
20261122,2026-11-22,2026,4,11,November,22,7,Sunday,True,47
20261123,2026-11-23,2026,4,11,November,23,1,Monday,False,48
20261124,2026-11-24,2026,4,11,November,24,2,Tuesday,False,48
20261125,2026-11-25,2026,4,11,November,25,3,Wednesday,False,48
20261126,2026-11-26,2026,4,11,November,26,4,Thursday,False,48
20261127,2026-11-27,2026,4,11,November,27,5,Friday,False,48
20261128,2026-11-28,2026,4,11,November,28,6,Saturday,True,48
20261129,2026-11-29,2026,4,11,November,29,7,Sunday,True,48
20261130,2026-11-30,2026,4,11,November,30,1,Monday,False,49
20261201,2026-12-01,2026,4,12,December,1,2,Tuesday,False,49
20261202,2026-12-02,2026,4,12,December,2,3,Wednesday,False,49
20261203,2026-12-03,2026,4,12,December,3,4,Thursday,False,49
20261204,2026-12-04,2026,4,12,December,4,5,Friday,False,49
20261205,2026-12-05,2026,4,12,December,5,6,Saturday,True,49
20261206,2026-12-06,2026,4,12,December,6,7,Sunday,True,49
20261207,2026-12-07,2026,4,12,December,7,1,Monday,False,50
20261208,2026-12-08,2026,4,12,December,8,2,Tuesday,False,50
20261209,2026-12-09,2026,4,12,December,9,3,Wednesday,False,50
20261210,2026-12-10,2026,4,12,December,10,4,Thursday,False,50
20261211,2026-12-11,2026,4,12,December,11,5,Friday,False,50
20261212,2026-12-12,2026,4,12,December,12,6,Saturday,True,50
20261213,2026-12-13,2026,4,12,December,13,7,Sunday,True,50
20261214,2026-12-14,2026,4,12,December,14,1,Monday,False,51
20261215,2026-12-15,2026,4,12,December,15,2,Tuesday,False,51
20261216,2026-12-16,2026,4,12,December,16,3,Wednesday,False,51
20261217,2026-12-17,2026,4,12,December,17,4,Thursday,False,51
20261218,2026-12-18,2026,4,12,December,18,5,Friday,False,51
20261219,2026-12-19,2026,4,12,December,19,6,Saturday,True,51
20261220,2026-12-20,2026,4,12,December,20,7,Sunday,True,51
20261221,2026-12-21,2026,4,12,December,21,1,Monday,False,52
20261222,2026-12-22,2026,4,12,December,22,2,Tuesday,False,52
20261223,2026-12-23,2026,4,12,December,23,3,Wednesday,False,52
20261224,2026-12-24,2026,4,12,December,24,4,Thursday,False,52
20261225,2026-12-25,2026,4,12,December,25,5,Friday,False,52
20261226,2026-12-26,2026,4,12,December,26,6,Saturday,True,52
20261227,2026-12-27,2026,4,12,December,27,7,Sunday,True,52
20261228,2026-12-28,2026,4,12,December,28,1,Monday,False,53
20261229,2026-12-29,2026,4,12,December,29,2,Tuesday,False,53
20261230,2026-12-30,2026,4,12,December,30,3,Wednesday,False,53
20261231,2026-12-31,2026,4,12,December,31,4,Thursday,False,53
20270101,2027-01-01,2027,1,1,January,1,5,Friday,False,53
20270102,2027-01-02,2027,1,1,January,2,6,Saturday,True,53
20270103,2027-01-03,2027,1,1,January,3,7,Sunday,True,53
20270104,2027-01-04,2027,1,1,January,4,1,Monday,False,1
20270105,2027-01-05,2027,1,1,January,5,2,Tuesday,False,1
20270106,2027-01-06,2027,1,1,January,6,3,Wednesday,False,1
20270107,2027-01-07,2027,1,1,January,7,4,Thursday,False,1
20270108,2027-01-08,2027,1,1,January,8,5,Friday,False,1
20270109,2027-01-09,2027,1,1,January,9,6,Saturday,True,1
20270110,2027-01-10,2027,1,1,January,10,7,Sunday,True,1
20270111,2027-01-11,2027,1,1,January,11,1,Monday,False,2
20270112,2027-01-12,2027,1,1,January,12,2,Tuesday,False,2
20270113,2027-01-13,2027,1,1,January,13,3,Wednesday,False,2
20270114,2027-01-14,2027,1,1,January,14,4,Thursday,False,2
20270115,2027-01-15,2027,1,1,January,15,5,Friday,False,2
20270116,2027-01-16,2027,1,1,January,16,6,Saturday,True,2
20270117,2027-01-17,2027,1,1,January,17,7,Sunday,True,2
20270118,2027-01-18,2027,1,1,January,18,1,Monday,False,3
20270119,2027-01-19,2027,1,1,January,19,2,Tuesday,False,3
20270120,2027-01-20,2027,1,1,January,20,3,Wednesday,False,3
20270121,2027-01-21,2027,1,1,January,21,4,Thursday,False,3
20270122,2027-01-22,2027,1,1,January,22,5,Friday,False,3
20270123,2027-01-23,2027,1,1,January,23,6,Saturday,True,3
20270124,2027-01-24,2027,1,1,January,24,7,Sunday,True,3
20270125,2027-01-25,2027,1,1,January,25,1,Monday,False,4
20270126,2027-01-26,2027,1,1,January,26,2,Tuesday,False,4
20270127,2027-01-27,2027,1,1,January,27,3,Wednesday,False,4
20270128,2027-01-28,2027,1,1,January,28,4,Thursday,False,4
20270129,2027-01-29,2027,1,1,January,29,5,Friday,False,4
20270130,2027-01-30,2027,1,1,January,30,6,Saturday,True,4
20270131,2027-01-31,2027,1,1,January,31,7,Sunday,True,4
20270201,2027-02-01,2027,1,2,February,1,1,Monday,False,5
20270202,2027-02-02,2027,1,2,February,2,2,Tuesday,False,5
20270203,2027-02-03,2027,1,2,February,3,3,Wednesday,False,5
20270204,2027-02-04,2027,1,2,February,4,4,Thursday,False,5
20270205,2027-02-05,2027,1,2,February,5,5,Friday,False,5
20270206,2027-02-06,2027,1,2,February,6,6,Saturday,True,5
20270207,2027-02-07,2027,1,2,February,7,7,Sunday,True,5
20270208,2027-02-08,2027,1,2,February,8,1,Monday,False,6
20270209,2027-02-09,2027,1,2,February,9,2,Tuesday,False,6
20270210,2027-02-10,2027,1,2,February,10,3,Wednesday,False,6
20270211,2027-02-11,2027,1,2,February,11,4,Thursday,False,6
20270212,2027-02-12,2027,1,2,February,12,5,Friday,False,6
20270213,2027-02-13,2027,1,2,February,13,6,Saturday,True,6
20270214,2027-02-14,2027,1,2,February,14,7,Sunday,True,6
20270215,2027-02-15,2027,1,2,February,15,1,Monday,False,7
20270216,2027-02-16,2027,1,2,February,16,2,Tuesday,False,7
20270217,2027-02-17,2027,1,2,February,17,3,Wednesday,False,7
20270218,2027-02-18,2027,1,2,February,18,4,Thursday,False,7
20270219,2027-02-19,2027,1,2,February,19,5,Friday,False,7
20270220,2027-02-20,2027,1,2,February,20,6,Saturday,True,7
20270221,2027-02-21,2027,1,2,February,21,7,Sunday,True,7
20270222,2027-02-22,2027,1,2,February,22,1,Monday,False,8
20270223,2027-02-23,2027,1,2,February,23,2,Tuesday,False,8
20270224,2027-02-24,2027,1,2,February,24,3,Wednesday,False,8
20270225,2027-02-25,2027,1,2,February,25,4,Thursday,False,8
20270226,2027-02-26,2027,1,2,February,26,5,Friday,False,8
20270227,2027-02-27,2027,1,2,February,27,6,Saturday,True,8
20270228,2027-02-28,2027,1,2,February,28,7,Sunday,True,8
20270301,2027-03-01,2027,1,3,March,1,1,Monday,False,9
20270302,2027-03-02,2027,1,3,March,2,2,Tuesday,False,9
20270303,2027-03-03,2027,1,3,March,3,3,Wednesday,False,9
20270304,2027-03-04,2027,1,3,March,4,4,Thursday,False,9
20270305,2027-03-05,2027,1,3,March,5,5,Friday,False,9
20270306,2027-03-06,2027,1,3,March,6,6,Saturday,True,9
20270307,2027-03-07,2027,1,3,March,7,7,Sunday,True,9
20270308,2027-03-08,2027,1,3,March,8,1,Monday,False,10
20270309,2027-03-09,2027,1,3,March,9,2,Tuesday,False,10
20270310,2027-03-10,2027,1,3,March,10,3,Wednesday,False,10
20270311,2027-03-11,2027,1,3,March,11,4,Thursday,False,10
20270312,2027-03-12,2027,1,3,March,12,5,Friday,False,10
20270313,2027-03-13,2027,1,3,March,13,6,Saturday,True,10
20270314,2027-03-14,2027,1,3,March,14,7,Sunday,True,10
20270315,2027-03-15,2027,1,3,March,15,1,Monday,False,11
20270316,2027-03-16,2027,1,3,March,16,2,Tuesday,False,11
20270317,2027-03-17,2027,1,3,March,17,3,Wednesday,False,11
20270318,2027-03-18,2027,1,3,March,18,4,Thursday,False,11
20270319,2027-03-19,2027,1,3,March,19,5,Friday,False,11
20270320,2027-03-20,2027,1,3,March,20,6,Saturday,True,11
20270321,2027-03-21,2027,1,3,March,21,7,Sunday,True,11
20270322,2027-03-22,2027,1,3,March,22,1,Monday,False,12
20270323,2027-03-23,2027,1,3,March,23,2,Tuesday,False,12
20270324,2027-03-24,2027,1,3,March,24,3,Wednesday,False,12
20270325,2027-03-25,2027,1,3,March,25,4,Thursday,False,12
20270326,2027-03-26,2027,1,3,March,26,5,Friday,False,12
20270327,2027-03-27,2027,1,3,March,27,6,Saturday,True,12
20270328,2027-03-28,2027,1,3,March,28,7,Sunday,True,12
20270329,2027-03-29,2027,1,3,March,29,1,Monday,False,13
20270330,2027-03-30,2027,1,3,March,30,2,Tuesday,False,13
20270331,2027-03-31,2027,1,3,March,31,3,Wednesday,False,13
20270401,2027-04-01,2027,2,4,April,1,4,Thursday,False,13
20270402,2027-04-02,2027,2,4,April,2,5,Friday,False,13
20270403,2027-04-03,2027,2,4,April,3,6,Saturday,True,13
20270404,2027-04-04,2027,2,4,April,4,7,Sunday,True,13
20270405,2027-04-05,2027,2,4,April,5,1,Monday,False,14
20270406,2027-04-06,2027,2,4,April,6,2,Tuesday,False,14
20270407,2027-04-07,2027,2,4,April,7,3,Wednesday,False,14
20270408,2027-04-08,2027,2,4,April,8,4,Thursday,False,14
20270409,2027-04-09,2027,2,4,April,9,5,Friday,False,14
20270410,2027-04-10,2027,2,4,April,10,6,Saturday,True,14
20270411,2027-04-11,2027,2,4,April,11,7,Sunday,True,14
20270412,2027-04-12,2027,2,4,April,12,1,Monday,False,15
20270413,2027-04-13,2027,2,4,April,13,2,Tuesday,False,15
20270414,2027-04-14,2027,2,4,April,14,3,Wednesday,False,15
20270415,2027-04-15,2027,2,4,April,15,4,Thursday,False,15
20270416,2027-04-16,2027,2,4,April,16,5,Friday,False,15
20270417,2027-04-17,2027,2,4,April,17,6,Saturday,True,15
20270418,2027-04-18,2027,2,4,April,18,7,Sunday,True,15
20270419,2027-04-19,2027,2,4,April,19,1,Monday,False,16
20270420,2027-04-20,2027,2,4,April,20,2,Tuesday,False,16
20270421,2027-04-21,2027,2,4,April,21,3,Wednesday,False,16
20270422,2027-04-22,2027,2,4,April,22,4,Thursday,False,16
20270423,2027-04-23,2027,2,4,April,23,5,Friday,False,16
20270424,2027-04-24,2027,2,4,April,24,6,Saturday,True,16
20270425,2027-04-25,2027,2,4,April,25,7,Sunday,True,16
20270426,2027-04-26,2027,2,4,April,26,1,Monday,False,17
20270427,2027-04-27,2027,2,4,April,27,2,Tuesday,False,17
20270428,2027-04-28,2027,2,4,April,28,3,Wednesday,False,17
20270429,2027-04-29,2027,2,4,April,29,4,Thursday,False,17
20270430,2027-04-30,2027,2,4,April,30,5,Friday,False,17
20270501,2027-05-01,2027,2,5,May,1,6,Saturday,True,17
20270502,2027-05-02,2027,2,5,May,2,7,Sunday,True,17
20270503,2027-05-03,2027,2,5,May,3,1,Monday,False,18
20270504,2027-05-04,2027,2,5,May,4,2,Tuesday,False,18
20270505,2027-05-05,2027,2,5,May,5,3,Wednesday,False,18
20270506,2027-05-06,2027,2,5,May,6,4,Thursday,False,18
20270507,2027-05-07,2027,2,5,May,7,5,Friday,False,18
20270508,2027-05-08,2027,2,5,May,8,6,Saturday,True,18
20270509,2027-05-09,2027,2,5,May,9,7,Sunday,True,18
20270510,2027-05-10,2027,2,5,May,10,1,Monday,False,19
20270511,2027-05-11,2027,2,5,May,11,2,Tuesday,False,19
20270512,2027-05-12,2027,2,5,May,12,3,Wednesday,False,19
20270513,2027-05-13,2027,2,5,May,13,4,Thursday,False,19
20270514,2027-05-14,2027,2,5,May,14,5,Friday,False,19
20270515,2027-05-15,2027,2,5,May,15,6,Saturday,True,19
20270516,2027-05-16,2027,2,5,May,16,7,Sunday,True,19
20270517,2027-05-17,2027,2,5,May,17,1,Monday,False,20
20270518,2027-05-18,2027,2,5,May,18,2,Tuesday,False,20
20270519,2027-05-19,2027,2,5,May,19,3,Wednesday,False,20
20270520,2027-05-20,2027,2,5,May,20,4,Thursday,False,20
20270521,2027-05-21,2027,2,5,May,21,5,Friday,False,20
20270522,2027-05-22,2027,2,5,May,22,6,Saturday,True,20
20270523,2027-05-23,2027,2,5,May,23,7,Sunday,True,20
20270524,2027-05-24,2027,2,5,May,24,1,Monday,False,21
20270525,2027-05-25,2027,2,5,May,25,2,Tuesday,False,21
20270526,2027-05-26,2027,2,5,May,26,3,Wednesday,False,21
20270527,2027-05-27,2027,2,5,May,27,4,Thursday,False,21
20270528,2027-05-28,2027,2,5,May,28,5,Friday,False,21
20270529,2027-05-29,2027,2,5,May,29,6,Saturday,True,21
20270530,2027-05-30,2027,2,5,May,30,7,Sunday,True,21
20270531,2027-05-31,2027,2,5,May,31,1,Monday,False,22
20270601,2027-06-01,2027,2,6,June,1,2,Tuesday,False,22
20270602,2027-06-02,2027,2,6,June,2,3,Wednesday,False,22
20270603,2027-06-03,2027,2,6,June,3,4,Thursday,False,22
20270604,2027-06-04,2027,2,6,June,4,5,Friday,False,22
20270605,2027-06-05,2027,2,6,June,5,6,Saturday,True,22
20270606,2027-06-06,2027,2,6,June,6,7,Sunday,True,22
20270607,2027-06-07,2027,2,6,June,7,1,Monday,False,23
20270608,2027-06-08,2027,2,6,June,8,2,Tuesday,False,23
20270609,2027-06-09,2027,2,6,June,9,3,Wednesday,False,23
20270610,2027-06-10,2027,2,6,June,10,4,Thursday,False,23
20270611,2027-06-11,2027,2,6,June,11,5,Friday,False,23
20270612,2027-06-12,2027,2,6,June,12,6,Saturday,True,23
20270613,2027-06-13,2027,2,6,June,13,7,Sunday,True,23
20270614,2027-06-14,2027,2,6,June,14,1,Monday,False,24
20270615,2027-06-15,2027,2,6,June,15,2,Tuesday,False,24
20270616,2027-06-16,2027,2,6,June,16,3,Wednesday,False,24
20270617,2027-06-17,2027,2,6,June,17,4,Thursday,False,24
20270618,2027-06-18,2027,2,6,June,18,5,Friday,False,24
20270619,2027-06-19,2027,2,6,June,19,6,Saturday,True,24
20270620,2027-06-20,2027,2,6,June,20,7,Sunday,True,24
20270621,2027-06-21,2027,2,6,June,21,1,Monday,False,25
20270622,2027-06-22,2027,2,6,June,22,2,Tuesday,False,25
20270623,2027-06-23,2027,2,6,June,23,3,Wednesday,False,25
20270624,2027-06-24,2027,2,6,June,24,4,Thursday,False,25
20270625,2027-06-25,2027,2,6,June,25,5,Friday,False,25
20270626,2027-06-26,2027,2,6,June,26,6,Saturday,True,25
20270627,2027-06-27,2027,2,6,June,27,7,Sunday,True,25
20270628,2027-06-28,2027,2,6,June,28,1,Monday,False,26
20270629,2027-06-29,2027,2,6,June,29,2,Tuesday,False,26
20270630,2027-06-30,2027,2,6,June,30,3,Wednesday,False,26
20270701,2027-07-01,2027,3,7,July,1,4,Thursday,False,26
20270702,2027-07-02,2027,3,7,July,2,5,Friday,False,26
20270703,2027-07-03,2027,3,7,July,3,6,Saturday,True,26
20270704,2027-07-04,2027,3,7,July,4,7,Sunday,True,26
20270705,2027-07-05,2027,3,7,July,5,1,Monday,False,27
20270706,2027-07-06,2027,3,7,July,6,2,Tuesday,False,27
20270707,2027-07-07,2027,3,7,July,7,3,Wednesday,False,27
20270708,2027-07-08,2027,3,7,July,8,4,Thursday,False,27
20270709,2027-07-09,2027,3,7,July,9,5,Friday,False,27
20270710,2027-07-10,2027,3,7,July,10,6,Saturday,True,27
20270711,2027-07-11,2027,3,7,July,11,7,Sunday,True,27
20270712,2027-07-12,2027,3,7,July,12,1,Monday,False,28
20270713,2027-07-13,2027,3,7,July,13,2,Tuesday,False,28
20270714,2027-07-14,2027,3,7,July,14,3,Wednesday,False,28
20270715,2027-07-15,2027,3,7,July,15,4,Thursday,False,28
20270716,2027-07-16,2027,3,7,July,16,5,Friday,False,28
20270717,2027-07-17,2027,3,7,July,17,6,Saturday,True,28
20270718,2027-07-18,2027,3,7,July,18,7,Sunday,True,28
20270719,2027-07-19,2027,3,7,July,19,1,Monday,False,29
20270720,2027-07-20,2027,3,7,July,20,2,Tuesday,False,29
20270721,2027-07-21,2027,3,7,July,21,3,Wednesday,False,29
20270722,2027-07-22,2027,3,7,July,22,4,Thursday,False,29
20270723,2027-07-23,2027,3,7,July,23,5,Friday,False,29
20270724,2027-07-24,2027,3,7,July,24,6,Saturday,True,29
20270725,2027-07-25,2027,3,7,July,25,7,Sunday,True,29
20270726,2027-07-26,2027,3,7,July,26,1,Monday,False,30
20270727,2027-07-27,2027,3,7,July,27,2,Tuesday,False,30
20270728,2027-07-28,2027,3,7,July,28,3,Wednesday,False,30
20270729,2027-07-29,2027,3,7,July,29,4,Thursday,False,30
20270730,2027-07-30,2027,3,7,July,30,5,Friday,False,30
20270731,2027-07-31,2027,3,7,July,31,6,Saturday,True,30
20270801,2027-08-01,2027,3,8,August,1,7,Sunday,True,30
20270802,2027-08-02,2027,3,8,August,2,1,Monday,False,31
20270803,2027-08-03,2027,3,8,August,3,2,Tuesday,False,31
20270804,2027-08-04,2027,3,8,August,4,3,Wednesday,False,31
20270805,2027-08-05,2027,3,8,August,5,4,Thursday,False,31
20270806,2027-08-06,2027,3,8,August,6,5,Friday,False,31
20270807,2027-08-07,2027,3,8,August,7,6,Saturday,True,31
20270808,2027-08-08,2027,3,8,August,8,7,Sunday,True,31
20270809,2027-08-09,2027,3,8,August,9,1,Monday,False,32
20270810,2027-08-10,2027,3,8,August,10,2,Tuesday,False,32
20270811,2027-08-11,2027,3,8,August,11,3,Wednesday,False,32
20270812,2027-08-12,2027,3,8,August,12,4,Thursday,False,32
20270813,2027-08-13,2027,3,8,August,13,5,Friday,False,32
20270814,2027-08-14,2027,3,8,August,14,6,Saturday,True,32
20270815,2027-08-15,2027,3,8,August,15,7,Sunday,True,32
20270816,2027-08-16,2027,3,8,August,16,1,Monday,False,33
20270817,2027-08-17,2027,3,8,August,17,2,Tuesday,False,33
20270818,2027-08-18,2027,3,8,August,18,3,Wednesday,False,33
20270819,2027-08-19,2027,3,8,August,19,4,Thursday,False,33
20270820,2027-08-20,2027,3,8,August,20,5,Friday,False,33
20270821,2027-08-21,2027,3,8,August,21,6,Saturday,True,33
20270822,2027-08-22,2027,3,8,August,22,7,Sunday,True,33
20270823,2027-08-23,2027,3,8,August,23,1,Monday,False,34
20270824,2027-08-24,2027,3,8,August,24,2,Tuesday,False,34
20270825,2027-08-25,2027,3,8,August,25,3,Wednesday,False,34
20270826,2027-08-26,2027,3,8,August,26,4,Thursday,False,34
20270827,2027-08-27,2027,3,8,August,27,5,Friday,False,34
20270828,2027-08-28,2027,3,8,August,28,6,Saturday,True,34
20270829,2027-08-29,2027,3,8,August,29,7,Sunday,True,34
20270830,2027-08-30,2027,3,8,August,30,1,Monday,False,35
20270831,2027-08-31,2027,3,8,August,31,2,Tuesday,False,35
20270901,2027-09-01,2027,3,9,September,1,3,Wednesday,False,35
20270902,2027-09-02,2027,3,9,September,2,4,Thursday,False,35
20270903,2027-09-03,2027,3,9,September,3,5,Friday,False,35
20270904,2027-09-04,2027,3,9,September,4,6,Saturday,True,35
20270905,2027-09-05,2027,3,9,September,5,7,Sunday,True,35
20270906,2027-09-06,2027,3,9,September,6,1,Monday,False,36
20270907,2027-09-07,2027,3,9,September,7,2,Tuesday,False,36
20270908,2027-09-08,2027,3,9,September,8,3,Wednesday,False,36
20270909,2027-09-09,2027,3,9,September,9,4,Thursday,False,36
20270910,2027-09-10,2027,3,9,September,10,5,Friday,False,36
20270911,2027-09-11,2027,3,9,September,11,6,Saturday,True,36
20270912,2027-09-12,2027,3,9,September,12,7,Sunday,True,36
20270913,2027-09-13,2027,3,9,September,13,1,Monday,False,37
20270914,2027-09-14,2027,3,9,September,14,2,Tuesday,False,37
20270915,2027-09-15,2027,3,9,September,15,3,Wednesday,False,37
20270916,2027-09-16,2027,3,9,September,16,4,Thursday,False,37
20270917,2027-09-17,2027,3,9,September,17,5,Friday,False,37
20270918,2027-09-18,2027,3,9,September,18,6,Saturday,True,37
20270919,2027-09-19,2027,3,9,September,19,7,Sunday,True,37
20270920,2027-09-20,2027,3,9,September,20,1,Monday,False,38
20270921,2027-09-21,2027,3,9,September,21,2,Tuesday,False,38
20270922,2027-09-22,2027,3,9,September,22,3,Wednesday,False,38
20270923,2027-09-23,2027,3,9,September,23,4,Thursday,False,38
20270924,2027-09-24,2027,3,9,September,24,5,Friday,False,38
20270925,2027-09-25,2027,3,9,September,25,6,Saturday,True,38
20270926,2027-09-26,2027,3,9,September,26,7,Sunday,True,38
20270927,2027-09-27,2027,3,9,September,27,1,Monday,False,39
20270928,2027-09-28,2027,3,9,September,28,2,Tuesday,False,39
20270929,2027-09-29,2027,3,9,September,29,3,Wednesday,False,39
20270930,2027-09-30,2027,3,9,September,30,4,Thursday,False,39
20271001,2027-10-01,2027,4,10,October,1,5,Friday,False,39
20271002,2027-10-02,2027,4,10,October,2,6,Saturday,True,39
20271003,2027-10-03,2027,4,10,October,3,7,Sunday,True,39
20271004,2027-10-04,2027,4,10,October,4,1,Monday,False,40
20271005,2027-10-05,2027,4,10,October,5,2,Tuesday,False,40
20271006,2027-10-06,2027,4,10,October,6,3,Wednesday,False,40
20271007,2027-10-07,2027,4,10,October,7,4,Thursday,False,40
20271008,2027-10-08,2027,4,10,October,8,5,Friday,False,40
20271009,2027-10-09,2027,4,10,October,9,6,Saturday,True,40
20271010,2027-10-10,2027,4,10,October,10,7,Sunday,True,40
20271011,2027-10-11,2027,4,10,October,11,1,Monday,False,41
20271012,2027-10-12,2027,4,10,October,12,2,Tuesday,False,41
20271013,2027-10-13,2027,4,10,October,13,3,Wednesday,False,41
20271014,2027-10-14,2027,4,10,October,14,4,Thursday,False,41
20271015,2027-10-15,2027,4,10,October,15,5,Friday,False,41
20271016,2027-10-16,2027,4,10,October,16,6,Saturday,True,41
20271017,2027-10-17,2027,4,10,October,17,7,Sunday,True,41
20271018,2027-10-18,2027,4,10,October,18,1,Monday,False,42
20271019,2027-10-19,2027,4,10,October,19,2,Tuesday,False,42
20271020,2027-10-20,2027,4,10,October,20,3,Wednesday,False,42
20271021,2027-10-21,2027,4,10,October,21,4,Thursday,False,42
20271022,2027-10-22,2027,4,10,October,22,5,Friday,False,42
20271023,2027-10-23,2027,4,10,October,23,6,Saturday,True,42
20271024,2027-10-24,2027,4,10,October,24,7,Sunday,True,42
20271025,2027-10-25,2027,4,10,October,25,1,Monday,False,43
20271026,2027-10-26,2027,4,10,October,26,2,Tuesday,False,43
20271027,2027-10-27,2027,4,10,October,27,3,Wednesday,False,43
20271028,2027-10-28,2027,4,10,October,28,4,Thursday,False,43
20271029,2027-10-29,2027,4,10,October,29,5,Friday,False,43
20271030,2027-10-30,2027,4,10,October,30,6,Saturday,True,43
20271031,2027-10-31,2027,4,10,October,31,7,Sunday,True,43
20271101,2027-11-01,2027,4,11,November,1,1,Monday,False,44
20271102,2027-11-02,2027,4,11,November,2,2,Tuesday,False,44
20271103,2027-11-03,2027,4,11,November,3,3,Wednesday,False,44
20271104,2027-11-04,2027,4,11,November,4,4,Thursday,False,44
20271105,2027-11-05,2027,4,11,November,5,5,Friday,False,44
20271106,2027-11-06,2027,4,11,November,6,6,Saturday,True,44
20271107,2027-11-07,2027,4,11,November,7,7,Sunday,True,44
20271108,2027-11-08,2027,4,11,November,8,1,Monday,False,45
20271109,2027-11-09,2027,4,11,November,9,2,Tuesday,False,45
20271110,2027-11-10,2027,4,11,November,10,3,Wednesday,False,45
20271111,2027-11-11,2027,4,11,November,11,4,Thursday,False,45
20271112,2027-11-12,2027,4,11,November,12,5,Friday,False,45
20271113,2027-11-13,2027,4,11,November,13,6,Saturday,True,45
20271114,2027-11-14,2027,4,11,November,14,7,Sunday,True,45
20271115,2027-11-15,2027,4,11,November,15,1,Monday,False,46
20271116,2027-11-16,2027,4,11,November,16,2,Tuesday,False,46
20271117,2027-11-17,2027,4,11,November,17,3,Wednesday,False,46
20271118,2027-11-18,2027,4,11,November,18,4,Thursday,False,46
20271119,2027-11-19,2027,4,11,November,19,5,Friday,False,46
